iso_code,continent,location,date,total_cases,new_cases,new_cases_smoothed,total_cases_per_million,new_cases_per_million,new_cases_smoothed_per_million
USA,North America,United States,1/22/20,1,,,0.003,,
USA,North America,United States,1/23/20,1,0,,0.003,0,
USA,North America,United States,1/24/20,2,1,,0.006,0.003,
USA,North America,United States,1/25/20,2,0,,0.006,0,
USA,North America,United States,1/26/20,5,3,,0.015,0.009,
USA,North America,United States,1/27/20,5,0,,0.015,0,
USA,North America,United States,1/28/20,5,0,0.571,0.015,0,0.002
USA,North America,United States,1/29/20,6,1,0.714,0.018,0.003,0.002
USA,North America,United States,1/30/20,6,0,0.714,0.018,0,0.002
USA,North America,United States,1/31/20,8,2,0.857,0.024,0.006,0.003
USA,North America,United States,2/1/20,8,0,0.857,0.024,0,0.003
USA,North America,United States,2/2/20,8,0,0.429,0.024,0,0.001
USA,North America,United States,2/3/20,11,3,0.857,0.033,0.009,0.003
USA,North America,United States,2/4/20,11,0,0.857,0.033,0,0.003
USA,North America,United States,2/5/20,11,0,0.714,0.033,0,0.002
USA,North America,United States,2/6/20,12,1,0.857,0.035,0.003,0.003
USA,North America,United States,2/7/20,12,0,0.571,0.035,0,0.002
USA,North America,United States,2/8/20,12,0,0.571,0.035,0,0.002
USA,North America,United States,2/9/20,12,0,0.571,0.035,0,0.002
USA,North America,United States,2/10/20,12,0,0.143,0.035,0,0
USA,North America,United States,2/11/20,13,1,0.286,0.038,0.003,0.001
USA,North America,United States,2/12/20,13,0,0.286,0.038,0,0.001
USA,North America,United States,2/13/20,14,1,0.286,0.041,0.003,0.001
USA,North America,United States,2/14/20,14,0,0.286,0.041,0,0.001
USA,North America,United States,2/15/20,14,0,0.286,0.041,0,0.001
USA,North America,United States,2/16/20,14,0,0.286,0.041,0,0.001
USA,North America,United States,2/17/20,14,0,0.286,0.041,0,0.001
USA,North America,United States,2/18/20,14,0,0.143,0.041,0,0
USA,North America,United States,2/19/20,14,0,0.143,0.041,0,0
USA,North America,United States,2/20/20,14,0,0,0.041,0,0
USA,North America,United States,2/21/20,16,2,0.286,0.047,0.006,0.001
USA,North America,United States,2/22/20,16,0,0.286,0.047,0,0.001
USA,North America,United States,2/23/20,16,0,0.286,0.047,0,0.001
USA,North America,United States,2/24/20,16,0,0.286,0.047,0,0.001
USA,North America,United States,2/25/20,16,0,0.286,0.047,0,0.001
USA,North America,United States,2/26/20,16,0,0.286,0.047,0,0.001
USA,North America,United States,2/27/20,17,1,0.429,0.05,0.003,0.001
USA,North America,United States,2/28/20,17,0,0.143,0.05,0,0
USA,North America,United States,2/29/20,25,8,1.286,0.074,0.024,0.004
USA,North America,United States,3/1/20,32,7,2.286,0.095,0.021,0.007
USA,North America,United States,3/2/20,55,23,5.571,0.163,0.068,0.016
USA,North America,United States,3/3/20,74,19,8.286,0.219,0.056,0.024
USA,North America,United States,3/4/20,107,33,13,0.316,0.098,0.038
USA,North America,United States,3/5/20,184,77,23.857,0.544,0.228,0.071
USA,North America,United States,3/6/20,237,53,31.429,0.701,0.157,0.093
USA,North America,United States,3/7/20,403,166,54,1.191,0.491,0.16
USA,North America,United States,3/8/20,519,116,69.571,1.534,0.343,0.206
USA,North America,United States,3/9/20,594,75,77,1.756,0.222,0.228
USA,North America,United States,3/10/20,782,188,101.143,2.312,0.556,0.299
USA,North America,United States,3/11/20,1147,365,148.571,3.391,1.079,0.439
USA,North America,United States,3/12/20,1586,439,200.286,4.688,1.298,0.592
USA,North America,United States,3/13/20,2219,633,283.143,6.559,1.871,0.837
USA,North America,United States,3/14/20,2978,759,367.857,8.803,2.244,1.087
USA,North America,United States,3/15/20,3212,234,384.714,9.495,0.692,1.137
USA,North America,United States,3/16/20,4679,1467,583.571,13.831,4.337,1.725
USA,North America,United States,3/17/20,6512,1833,818.571,19.25,5.418,2.42
USA,North America,United States,3/18/20,9169,2657,1146,27.104,7.854,3.388
USA,North America,United States,3/19/20,13663,4494,1725.286,40.388,13.284,5.1
USA,North America,United States,3/20/20,20030,6367,2544.429,59.21,18.821,7.521
USA,North America,United States,3/21/20,26025,5995,3292.429,76.931,17.721,9.733
USA,North America,United States,3/22/20,34944,8919,4533.143,103.296,26.365,13.4
USA,North America,United States,3/23/20,46096,11152,5916.714,136.262,32.966,17.49
USA,North America,United States,3/24/20,56714,10618,7171.714,167.649,31.387,21.2
USA,North America,United States,3/25/20,68841,12127,8524.571,203.497,35.848,25.199
USA,North America,United States,3/26/20,86662,17821,10428.429,256.177,52.68,30.827
USA,North America,United States,3/27/20,105253,18591,12174.714,311.133,54.956,35.989
USA,North America,United States,3/28/20,127417,22164,14484.571,376.65,65.518,42.817
USA,North America,United States,3/29/20,143544,16127,15514.286,424.323,47.672,45.861
USA,North America,United States,3/30/20,165698,22154,17086,489.811,65.488,50.507
USA,North America,United States,3/31/20,192079,26381,19337.857,567.794,77.983,57.164
USA,North America,United States,4/1/20,227894,35815,22721.857,673.665,105.871,67.167
USA,North America,United States,4/2/20,260170,32276,24786.857,769.074,95.409,73.271
USA,North America,United States,4/3/20,292610,32440,26765.286,864.968,95.894,79.119
USA,North America,United States,4/4/20,324329,31719,28130.286,958.731,93.763,83.154
USA,North America,United States,4/5/20,353104,28775,29937.143,1043.791,85.06,88.496
USA,North America,United States,4/6/20,385095,31991,31342.429,1138.358,94.567,92.65
USA,North America,United States,4/7/20,415245,30150,31880.857,1227.483,89.125,94.241
USA,North America,United States,4/8/20,446489,31244,31227.857,1319.842,92.359,92.311
USA,North America,United States,4/9/20,482511,36022,31763,1426.324,106.483,93.893
USA,North America,United States,4/10/20,516700,34189,32012.857,1527.388,101.064,94.631
USA,North America,United States,4/11/20,545679,28979,31621.429,1613.052,85.663,93.474
USA,North America,United States,4/12/20,571537,25858,31204.714,1689.489,76.437,92.243
USA,North America,United States,4/13/20,598781,27244,30526.571,1770.024,80.534,90.238
USA,North America,United States,4/14/20,627278,28497,30290.429,1854.262,84.238,89.54
USA,North America,United States,4/15/20,653653,26375,29594.857,1932.228,77.966,87.484
USA,North America,United States,4/16/20,683326,29673,28687.857,2019.942,87.715,84.803
USA,North America,United States,4/17/20,716474,33148,28539.143,2117.929,97.987,84.363
USA,North America,United States,4/18/20,743799,27325,28302.857,2198.703,80.774,83.665
USA,North America,United States,4/19/20,768834,25035,28185.286,2272.708,74.005,83.317
USA,North America,United States,4/20/20,799487,30653,28672.286,2363.319,90.612,84.757
USA,North America,United States,4/21/20,825428,25941,28307.143,2440.002,76.683,83.677
USA,North America,United States,4/22/20,855374,29946,28817.286,2528.524,88.522,85.185
USA,North America,United States,4/23/20,887424,32050,29156.857,2623.265,94.741,86.189
USA,North America,United States,4/24/20,918921,31497,28921,2716.372,93.107,85.492
USA,North America,United States,4/25/20,949512,30591,29387.571,2806.8,90.428,86.871
USA,North America,United States,4/26/20,975377,25865,29506.143,2883.258,76.458,87.221
USA,North America,United States,4/27/20,1000115,24738,28661.143,2956.385,73.127,84.724
USA,North America,United States,4/28/20,1024642,24527,28459.143,3028.888,72.503,84.127
USA,North America,United States,4/29/20,1051441,26799,28009.571,3108.107,79.219,82.798
USA,North America,United States,4/30/20,1081000,29559,27653.714,3195.485,87.378,81.746
USA,North America,United States,5/1/20,1115846,34846,28132.143,3298.491,103.006,83.16
USA,North America,United States,5/2/20,1142455,26609,27563.286,3377.148,78.657,81.478
USA,North America,United States,5/3/20,1166034,23579,27236.714,3446.849,69.701,80.513
USA,North America,United States,5/4/20,1190054,24020,27134.143,3517.853,71.004,80.21
USA,North America,United States,5/5/20,1214106,24052,27066.286,3588.952,71.099,80.009
USA,North America,United States,5/6/20,1238496,24390,26722.143,3661.05,72.098,78.992
USA,North America,United States,5/7/20,1266121,27625,26445.857,3742.711,81.661,78.175
USA,North America,United States,5/8/20,1293258,27137,25344.571,3822.929,80.218,74.92
USA,North America,United States,5/9/20,1317403,24145,24992.571,3894.302,71.374,73.879
USA,North America,United States,5/10/20,1336096,18693,24294.571,3949.56,55.257,71.816
USA,North America,United States,5/11/20,1355354,19258,23614.286,4006.487,56.928,69.805
USA,North America,United States,5/12/20,1378838,23484,23533.143,4075.907,69.42,69.565
USA,North America,United States,5/13/20,1398906,20068,22915.714,4135.229,59.322,67.74
USA,North America,United States,5/14/20,1424784,25878,22666.143,4211.725,76.497,67.002
USA,North America,United States,5/15/20,1449611,24827,22336.143,4285.115,73.39,66.027
USA,North America,United States,5/16/20,1473496,23885,22299,4355.72,70.605,65.917
USA,North America,United States,5/17/20,1492123,18627,22289.571,4410.783,55.062,65.889
USA,North America,United States,5/18/20,1514514,22391,22737.143,4476.971,66.189,67.212
USA,North America,United States,5/19/20,1535063,20549,22317.857,4537.715,60.744,65.973
USA,North America,United States,5/20/20,1557901,22838,22713.571,4605.225,67.51,67.142
USA,North America,United States,5/21/20,1582994,25093,22601.429,4679.401,74.176,66.811
USA,North America,United States,5/22/20,1606825,23831,22459.143,4749.847,70.446,66.39
USA,North America,United States,5/23/20,1626710,19885,21887.714,4808.628,58.781,64.701
USA,North America,United States,5/24/20,1646822,20112,22099.857,4868.08,59.452,65.328
USA,North America,United States,5/25/20,1665996,19174,21640.286,4924.759,56.679,63.97
USA,North America,United States,5/26/20,1684688,18692,21375,4980.013,55.254,63.185
USA,North America,United States,5/27/20,1703489,18801,20798.286,5035.59,55.577,61.481
USA,North America,United States,5/28/20,1724618,21129,20232,5098.048,62.458,59.807
USA,North America,United States,5/29/20,1749395,24777,20367.143,5171.29,73.242,60.206
USA,North America,United States,5/30/20,1772109,22714,20771.286,5238.434,67.144,61.401
USA,North America,United States,5/31/20,1790872,18763,20578.571,5293.898,55.464,60.831
USA,North America,United States,6/1/20,1808725,17853,20389.857,5346.672,52.774,60.273
USA,North America,United States,6/2/20,1828785,20060,20585.286,5405.971,59.298,60.851
USA,North America,United States,6/3/20,1847870,19085,20625.857,5462.387,56.416,60.971
USA,North America,United States,6/4/20,1875677,27807,21579.857,5544.585,82.199,63.791
USA,North America,United States,6/5/20,1902015,26338,21802.857,5622.442,77.856,64.45
USA,North America,United States,6/6/20,1922169,20154,21437.143,5682.018,59.576,63.369
USA,North America,United States,6/7/20,1939977,17808,21300.714,5734.659,52.641,62.966
USA,North America,United States,6/8/20,1956894,16917,21167,5784.667,50.007,62.571
USA,North America,United States,6/9/20,1977231,20337,21206.571,5844.784,60.117,62.688
USA,North America,United States,6/10/20,1999007,21776,21591,5909.154,64.371,63.824
USA,North America,United States,6/11/20,2021316,22309,20805.571,5975.101,65.946,61.502
USA,North America,United States,6/12/20,2046870,25554,20693.571,6050.64,75.539,61.171
USA,North America,United States,6/13/20,2070999,24129,21261.429,6121.966,71.326,62.85
USA,North America,United States,6/14/20,2089950,18951,21424.714,6177.986,56.02,63.332
USA,North America,United States,6/15/20,2111055,21105,22023,6240.373,62.387,65.101
USA,North America,United States,6/16/20,2135694,24639,22637.571,6313.207,72.834,66.918
USA,North America,United States,6/17/20,2162776,27082,23395.571,6393.263,80.056,69.158
USA,North America,United States,6/18/20,2191016,28240,24242.857,6476.742,83.479,71.663
USA,North America,United States,6/19/20,2222002,30986,25018.857,6568.338,91.596,73.957
USA,North America,United States,6/20/20,2253864,31862,26123.571,6662.523,94.186,77.222
USA,North America,United States,6/21/20,2279722,25858,27110.286,6738.961,76.437,80.139
USA,North America,United States,6/22/20,2309714,29992,28379.857,6827.618,88.658,83.892
USA,North America,United States,6/23/20,2348601,38887,30415.286,6942.57,114.952,89.909
USA,North America,United States,6/24/20,2384910,36309,31733.429,7049.901,107.331,93.805
USA,North America,United States,6/25/20,2424262,39352,33320.857,7166.227,116.326,98.498
USA,North America,United States,6/26/20,2473333,49071,35904.429,7311.283,145.056,106.135
USA,North America,United States,6/27/20,2514151,40818,37183.857,7431.943,120.66,109.917
USA,North America,United States,6/28/20,2557065,42914,39620.429,7558.799,126.856,117.12
USA,North America,United States,6/29/20,2598615,41550,41271.571,7681.623,122.824,122.001
USA,North America,United States,6/30/20,2648654,50039,42864.714,7829.54,147.918,126.71
USA,North America,United States,7/1/20,2697987,49333,44725.286,7975.371,145.831,132.21
USA,North America,United States,7/2/20,2753062,55075,46971.429,8138.175,162.804,138.85
USA,North America,United States,7/3/20,2804707,51645,47339.143,8290.84,152.665,139.937
USA,North America,United States,7/4/20,2850722,46015,48081.571,8426.862,136.022,142.131
USA,North America,United States,7/5/20,2904667,53945,49657.429,8586.326,159.464,146.79
USA,North America,United States,7/6/20,2948305,43638,49955.714,8715.322,128.996,147.671
USA,North America,United States,7/7/20,3005730,57425,51010.857,8885.073,169.751,150.79
USA,North America,United States,7/8/20,3066215,60485,52604,9063.869,178.796,155.5
USA,North America,United States,7/9/20,3126022,59807,53280,9240.661,176.792,157.498
USA,North America,United States,7/10/20,3194763,68741,55722.286,9443.863,203.201,164.718
USA,North America,United States,7/11/20,3255183,60420,57780.143,9622.467,178.604,170.801
USA,North America,United States,7/12/20,3315399,60216,58676,9800.468,178.001,173.449
USA,North America,United States,7/13/20,3375024,59625,60959.857,9976.722,176.254,180.2
USA,North America,United States,7/14/20,3440760,65736,62147.143,10171.041,194.319,183.71
USA,North America,United States,7/15/20,3507049,66289,62976.286,10366.994,195.953,186.161
USA,North America,United States,7/16/20,3577808,70759,64540.857,10576.161,209.167,190.786
USA,North America,United States,7/17/20,3644248,66440,64212.143,10772.561,196.4,189.814
USA,North America,United States,7/18/20,3708555,64307,64767.429,10962.655,190.094,191.455
USA,North America,United States,7/19/20,3767544,58989,64592.143,11137.029,174.374,190.937
USA,North America,United States,7/20/20,3828427,60883,64771.857,11317.002,179.973,191.469
USA,North America,United States,7/21/20,3896712,68285,65136,11518.856,201.854,192.545
USA,North America,United States,7/22/20,3964159,67447,65301.429,11718.232,199.376,193.034
USA,North America,United States,7/23/20,4031936,67777,64875.429,11918.584,200.352,191.775
USA,North America,United States,7/24/20,4106880,74944,66090.286,12140.122,221.538,195.366
USA,North America,United States,7/25/20,4170625,63745,66010,12328.555,188.433,195.129
USA,North America,United States,7/26/20,4226247,55622,65529,12492.976,164.421,193.707
USA,North America,United States,7/27/20,4286248,60001,65403,12670.341,177.366,193.334
USA,North America,United States,7/28/20,4350801,64553,64869.857,12861.163,190.822,191.758
USA,North America,United States,7/29/20,4414859,64058,64385.714,13050.521,189.358,190.327
USA,North America,United States,7/30/20,4484046,69187,64587.143,13255.041,204.52,190.922
USA,North America,United States,7/31/20,4548413,64367,63076.143,13445.313,190.272,186.456
USA,North America,United States,8/1/20,4605814,57401,62169.857,13614.993,169.68,183.777
USA,North America,United States,8/2/20,4652695,46881,60921.143,13753.575,138.582,180.086
USA,North America,United States,8/3/20,4694607,41912,58337,13877.469,123.894,172.447
USA,North America,United States,8/4/20,4756239,61632,57919.714,14059.656,182.187,171.213
USA,North America,United States,8/5/20,4810375,54136,56502.286,14219.684,160.028,167.023
USA,North America,United States,8/6/20,4870427,60052,55197.286,14397.201,177.516,163.166
USA,North America,United States,8/7/20,4930867,60440,54636.286,14575.864,178.663,161.507
USA,North America,United States,8/8/20,4994637,63770,55546.143,14764.371,188.507,164.197
USA,North America,United States,8/9/20,5048798,54161,56586.143,14924.474,160.102,167.271
USA,North America,United States,8/10/20,5100445,51647,57976.857,15077.144,152.671,171.382
USA,North America,United States,8/11/20,5157318,56873,57297,15245.264,168.119,169.373
USA,North America,United States,8/12/20,5212546,55228,57453,15408.52,163.256,169.834
USA,North America,United States,8/13/20,5264000,51454,56224.714,15560.62,152.1,166.203
USA,North America,United States,8/14/20,5334085,70085,57602.571,15767.795,207.174,170.276
USA,North America,United States,8/15/20,5386402,52317,55966.429,15922.446,154.651,165.439
USA,North America,United States,8/16/20,5420975,34573,53168.143,16024.645,102.199,157.167
USA,North America,United States,8/17/20,5458975,38000,51218.571,16136.975,112.33,151.404
USA,North America,United States,8/18/20,5503965,44990,49521,16269.968,132.992,146.386
USA,North America,United States,8/19/20,5549874,45909,48189.714,16405.677,135.709,142.451
USA,North America,United States,8/20/20,5595001,45127,47285.857,16539.074,133.397,139.779
USA,North America,United States,8/21/20,5642909,47908,44117.714,16680.692,141.618,130.414
USA,North America,United States,8/22/20,5688177,45268,43110.714,16814.507,133.814,127.437
USA,North America,United States,8/23/20,5720071,31894,42728,16908.787,94.28,126.306
USA,North America,United States,8/24/20,5754162,34091,42169.571,17009.561,100.775,124.655
USA,North America,United States,8/25/20,5796716,42554,41821.571,17135.353,125.792,123.626
USA,North America,United States,8/26/20,5838901,42185,41289.571,17260.053,124.701,122.054
USA,North America,United States,8/27/20,5889330,50429,42047,17409.124,149.07,124.293
USA,North America,United States,8/28/20,5935643,46313,41819.143,17546.027,136.903,123.619
USA,North America,United States,8/29/20,5978691,43048,41502,17673.279,127.252,122.682
USA,North America,United States,8/30/20,6012850,34159,41825.571,17774.255,100.976,123.638
USA,North America,United States,8/31/20,6046379,33529,41745.286,17873.368,99.113,123.401
USA,North America,United States,9/1/20,6088345,41966,41661.286,17997.421,124.053,123.153
USA,North America,United States,9/2/20,6128451,40106,41364.286,18115.976,118.555,122.275
USA,North America,United States,9/3/20,6173646,45195,40616.571,18249.575,133.598,120.064
USA,North America,United States,9/4/20,6222299,48653,40950.857,18393.395,143.82,121.053
USA,North America,United States,9/5/20,6265508,43209,40973.857,18521.123,127.728,121.121
USA,North America,United States,9/6/20,6294576,29068,40246.571,18607.049,85.926,118.971
USA,North America,United States,9/7/20,6319278,24702,38985.571,18680.069,73.02,115.243
USA,North America,United States,9/8/20,6346373,27095,36861.143,18760.163,80.094,108.963
USA,North America,United States,9/9/20,6380207,33834,35965.143,18860.178,100.015,106.315
USA,North America,United States,9/10/20,6419836,39629,35170,18977.323,117.145,103.964
USA,North America,United States,9/11/20,6464656,44820,34622.429,19109.813,132.49,102.345
USA,North America,United States,9/12/20,6510235,45579,34961,19244.547,134.734,103.346
USA,North America,United States,9/13/20,6550532,40297,36565.143,19363.667,119.12,108.088
USA,North America,United States,9/14/20,6583447,32915,37738.429,19460.965,97.298,111.556
USA,North America,United States,9/15/20,6620865,37418,39213.143,19571.574,110.609,115.916
USA,North America,United States,9/16/20,6659218,38353,39858.714,19684.947,113.373,117.824
USA,North America,United States,9/17/20,6704657,45439,40688.714,19819.267,134.32,120.278
USA,North America,United States,9/18/20,6754865,50208,41458.429,19967.684,148.417,122.553
USA,North America,United States,9/19/20,6800483,45618,41464,20102.533,134.849,122.569
USA,North America,United States,9/20/20,6842066,41583,41647.714,20225.454,122.921,123.113
USA,North America,United States,9/21/20,6874349,32283,41557.429,20320.884,95.43,122.846
USA,North America,United States,9/22/20,6912637,38288,41681.714,20434.065,113.181,123.213
USA,North America,United States,9/23/20,6953855,41218,42091,20555.908,121.842,124.423
USA,North America,United States,9/24/20,7002800,48945,42591.857,20700.591,144.684,125.903
USA,North America,United States,9/25/20,7049817,47017,42136,20839.576,138.984,124.556
USA,North America,United States,9/26/20,7093261,43444,41825.429,20967.998,128.422,123.638
USA,North America,United States,9/27/20,7126951,33690,40697.857,21067.587,99.589,120.305
USA,North America,United States,9/28/20,7165028,38077,41525.571,21180.144,112.557,122.751
USA,North America,United States,9/29/20,7207293,42265,42093.714,21305.082,124.937,124.431
USA,North America,United States,9/30/20,7246191,38898,41762.286,21420.066,114.984,123.451
USA,North America,United States,10/1/20,7292546,46355,41392.286,21557.093,137.027,122.357
USA,North America,United States,10/2/20,7346068,53522,42321.571,21715.307,158.213,125.104
USA,North America,United States,10/3/20,7395382,49314,43160.143,21861.081,145.774,127.583
USA,North America,United States,10/4/20,7428716,33334,43109.286,21959.618,98.537,127.433
USA,North America,United States,10/5/20,7466690,37974,43094.571,22071.871,112.253,127.389
USA,North America,United States,10/6/20,7511645,44955,43478.857,22204.76,132.889,128.525
USA,North America,United States,10/7/20,7561164,49519,44996.143,22351.14,146.38,133.011
USA,North America,United States,10/8/20,7619352,58188,46686.571,22523.147,172.006,138.008
USA,North America,United States,10/9/20,7674668,55316,46942.857,22686.663,163.517,138.765
USA,North America,United States,10/10/20,7729843,55175,47780.143,22849.763,163.1,141.24
USA,North America,United States,10/11/20,7776664,46821,49706.857,22988.168,138.405,146.936
USA,North America,United States,10/12/20,7819638,42974,50421.143,23115.201,127.033,149.047
USA,North America,United States,10/13/20,7870229,50591,51226.286,23264.75,149.549,151.427
USA,North America,United States,10/14/20,7929314,59085,52592.857,23439.408,174.658,155.467
USA,North America,United States,10/15/20,7993116,63802,53394.857,23628.01,188.602,157.838
USA,North America,United States,10/16/20,8063388,70272,55531.429,23835.737,207.727,164.153
USA,North America,United States,10/17/20,8118141,54753,55471.143,23997.589,161.852,163.975
USA,North America,United States,10/18/20,8170375,52234,56244.429,24151.995,154.406,166.261
USA,North America,United States,10/19/20,8239130,68755,59927.429,24355.238,203.243,177.148
USA,North America,United States,10/20/20,8301621,62491,61627.429,24539.964,184.726,182.173
USA,North America,United States,10/21/20,8362925,61304,61944.429,24721.182,181.217,183.111
USA,North America,United States,10/22/20,8443090,80165,64282,24958.153,236.971,190.02
USA,North America,United States,10/23/20,8525151,82061,65966.143,25200.729,242.576,194.999
USA,North America,United States,10/24/20,8603132,77981,69284.429,25431.244,230.515,204.808
USA,North America,United States,10/25/20,8663462,60330,70441,25609.583,178.338,208.227
USA,North America,United States,10/26/20,8728004,64542,69839.143,25800.372,190.789,206.448
USA,North America,United States,10/27/20,8806926,78922,72186.429,26033.669,233.297,213.386
USA,North America,United States,10/28/20,8895215,88289,76041.429,26294.655,260.986,224.782
USA,North America,United States,10/29/20,8987902,92687,77830.286,26568.642,273.987,230.07
USA,North America,United States,10/30/20,9088382,100480,80461.571,26865.665,297.023,237.848
USA,North America,United States,10/31/20,9175076,86694,81706.286,27121.937,256.271,241.527
USA,North America,United States,11/1/20,9253136,78060,84239.143,27352.685,230.749,249.015
USA,North America,United States,11/2/20,9337138,84002,87019.143,27600.999,248.314,257.232
USA,North America,United States,11/3/20,9463944,126806,93859.714,27975.843,374.844,277.454
USA,North America,United States,11/4/20,9566026,102082,95830.143,28277.602,301.759,283.278
USA,North America,United States,11/5/20,9696010,129984,101158.286,28661.841,384.239,299.028
USA,North America,United States,11/6/20,9825004,128994,105231.714,29043.153,381.312,311.07
USA,North America,United States,11/7/20,9952078,127074,111000.286,29418.789,375.636,328.122
USA,North America,United States,11/8/20,10071435,119357,116899.857,29771.614,352.825,345.561
USA,North America,United States,11/9/20,10191027,119592,121984.143,30125.133,353.519,360.591
USA,North America,United States,11/10/20,10330282,139255,123762.571,30536.777,411.644,365.848
USA,North America,United States,11/11/20,10479819,149537,130541.857,30978.815,442.038,385.888
USA,North America,United States,11/12/20,10639404,159585,134770.571,31450.556,471.74,398.388
USA,North America,United States,11/13/20,10818206,178802,141886,31979.103,528.547,419.421
USA,North America,United States,11/14/20,10980830,162624,146964.571,32459.826,480.724,434.434
USA,North America,United States,11/15/20,11119283,138453,149692.571,32869.1,409.273,442.498
USA,North America,United States,11/16/20,11275245,155962,154888.286,33330.13,461.031,457.857
USA,North America,United States,11/17/20,11442372,167127,158870,33824.165,494.035,469.627
USA,North America,United States,11/18/20,11615736,173364,162273.857,34336.637,512.472,479.689
USA,North America,United States,11/19/20,11807579,191843,166882.143,34903.734,567.097,493.311
USA,North America,United States,11/20/20,12008792,201213,170083.714,35498.528,594.795,502.775
USA,North America,United States,11/21/20,12186167,177375,172191,36022.857,524.328,509.004
USA,North America,United States,11/22/20,12331347,145180,173152,36452.015,429.159,511.845
USA,North America,United States,11/23/20,12515951,184604,177243.714,36997.713,545.698,523.94
USA,North America,United States,11/24/20,12690766,174815,178342,37514.474,516.761,527.187
USA,North America,United States,11/25/20,12872046,181280,179472.857,38050.346,535.872,530.53
USA,North America,United States,11/26/20,12984729,112683,168164.286,38383.442,333.096,497.101
USA,North America,United States,11/27/20,13199970,215241,170168.286,39019.704,636.262,503.025
USA,North America,United States,11/28/20,13367257,167287,168727.143,39514.212,494.508,498.765
USA,North America,United States,11/29/20,13506863,139606,167930.857,39926.893,412.682,496.411
USA,North America,United States,11/30/20,13665572,158709,164231.571,40396.044,469.151,485.476
USA,North America,United States,12/1/20,13864269,198697,167643.286,40983.402,587.357,495.561
USA,North America,United States,12/2/20,14061330,197061,169897.714,41565.923,582.521,502.225
USA,North America,United States,12/3/20,14280749,219419,185145.714,42214.535,648.612,547.299
USA,North America,United States,12/4/20,14515995,235246,188003.571,42909.933,695.398,555.747
USA,North America,United States,12/5/20,14735710,219715,195493.286,43559.42,649.487,577.887
USA,North America,United States,12/6/20,14913799,178089,200990.857,44085.859,526.439,594.138
USA,North America,United States,12/7/20,15110333,196534,206394.429,44666.823,580.963,610.111
USA,North America,United States,12/8/20,15337676,227343,210486.714,45338.859,672.036,622.208
USA,North America,United States,12/9/20,15553446,215770,213159.429,45976.685,637.826,630.109
USA,North America,United States,12/10/20,15789169,235723,215488.571,46673.492,696.808,636.994
USA,North America,United States,12/11/20,16026111,236942,215730.857,47373.904,700.411,637.71
USA,North America,United States,12/12/20,16248693,222582,216140.429,48031.866,657.962,638.921
USA,North America,United States,12/13/20,16439319,190626,217931.429,48595.365,563.499,644.215
USA,North America,United States,12/14/20,16649790,210471,219922.429,49217.527,622.162,650.101
USA,North America,United States,12/15/20,16876980,227190,219900.571,49889.11,671.584,650.036
USA,North America,United States,12/16/20,17111214,234234,222538.286,50581.517,692.406,657.833
USA,North America,United States,12/17/20,17350378,239164,223029.857,51288.496,706.98,659.286
USA,North America,United States,12/18/20,17596898,246520,224398.143,52017.22,728.724,663.331
USA,North America,United States,12/19/20,17801760,204862,221866.714,52622.802,605.581,655.848
USA,North America,United States,12/20/20,17987926,186166,221229.571,53173.117,550.315,653.965
USA,North America,United States,12/21/20,18185542,197616,219393.143,53757.278,584.162,648.536
USA,North America,United States,12/22/20,18391287,205745,216329.571,54365.47,608.191,639.48
USA,North America,United States,12/23/20,18612119,220832,214415,55018.259,652.789,633.82
USA,North America,United States,12/24/20,18823654,211535,210468,55643.566,625.307,622.153
USA,North America,United States,12/25/20,18949169,125515,193181.571,56014.594,371.028,571.053
USA,North America,United States,12/26/20,19167129,217960,195052.714,56658.894,644.3,576.585
USA,North America,United States,12/27/20,19303274,136145,187906.857,57061.344,402.451,555.461
USA,North America,United States,12/28/20,19478057,174783,184645,57578.011,516.666,545.819
USA,North America,United States,12/29/20,19684712,206655,184775,58188.892,610.881,546.203
USA,North America,United States,12/30/20,19903486,218774,184481,58835.598,646.706,545.334
USA,North America,United States,12/31/20,20217266,313780,199087.429,59763.146,927.548,588.511
USA,North America,United States,1/1/21,20394834,177568,206523.571,60288.045,524.899,610.493
USA,North America,United States,1/2/21,20667282,272448,214307.571,61093.413,805.369,633.503
USA,North America,United States,1/3/21,20870446,203164,223881.714,61693.975,600.562,661.804
USA,North America,United States,1/4/21,21057385,186939,225618.286,62246.575,552.6,666.938
USA,North America,United States,1/5/21,21289461,232076,229249.857,62932.602,686.027,677.673
USA,North America,United States,1/6/21,21549337,259876,235121.571,63700.808,768.205,695.03
USA,North America,United States,1/7/21,21834351,285014,231012.143,64543.322,842.514,682.882
USA,North America,United States,1/8/21,22137330,302979,248928,65438.941,895.62,735.842
USA,North America,United States,1/9/21,22400675,263345,247627.571,66217.401,778.46,731.998
USA,North America,United States,1/10/21,22610594,209919,248592.571,66837.931,620.53,734.851
USA,North America,United States,1/11/21,22815267,204673,251126,67442.953,605.023,742.34
USA,North America,United States,1/12/21,23037531,222264,249724.286,68099.976,657.022,738.196
USA,North America,United States,1/13/21,23266248,228717,245273,68776.073,676.098,725.038
USA,North America,United States,1/14/21,23501197,234949,238120.857,69470.593,694.52,703.896
USA,North America,United States,1/15/21,23745580,244383,229750,70193,722.407,679.151
USA,North America,United States,1/16/21,23962491,216911,223116.571,70834.199,641.199,659.543
USA,North America,United States,1/17/21,24138626,176135,218290.286,71354.862,520.663,645.276
USA,North America,United States,1/18/21,24279897,141271,209232.857,71772.465,417.603,618.502
USA,North America,United States,1/19/21,24436888,156991,199908.143,72236.538,464.072,590.937
USA,North America,United States,1/20/21,24624566,187678,194045.429,72791.322,554.785,573.607
USA,North America,United States,1/21/21,24816634,192068,187919.571,73359.084,567.762,555.499
USA,North America,United States,1/22/21,25008084,191450,180357.714,73925.019,565.935,533.145
USA,North America,United States,1/23/21,25185328,177244,174691,74448.96,523.941,516.394
USA,North America,United States,1/24/21,25325109,139781,169497.571,74862.159,413.199,501.042
USA,North America,United States,1/25/21,25455138,130029,167891.571,75246.531,384.372,496.295
USA,North America,United States,1/26/21,25606414,151276,167075.143,75693.709,447.179,493.882
USA,North America,United States,1/27/21,25761618,155204,162436,76152.499,458.79,480.168
USA,North America,United States,1/28/21,25928327,166709,158813.286,76645.299,492.799,469.459
USA,North America,United States,1/29/21,26091639,163312,154793.571,77128.056,482.758,457.577
USA,North America,United States,1/30/21,26242007,150368,150954.143,77572.551,444.495,446.227
USA,North America,United States,1/31/21,26354560,112553,147064.429,77905.262,332.712,434.729
USA,North America,United States,2/1/21,26480455,125895,146473.857,78277.414,372.151,432.983
USA,North America,United States,2/2/21,26597925,117470,141644.429,78624.66,347.247,418.707
USA,North America,United States,2/3/21,26722357,124432,137248.429,78992.487,367.827,405.713
USA,North America,United States,2/4/21,26847010,124653,131240.429,79360.967,368.48,387.953
USA,North America,United States,2/5/21,26977436,130426,126542.429,79746.512,385.545,374.065
USA,North America,United States,2/6/21,27093677,116241,121667.143,80090.125,343.614,359.654
USA,North America,United States,2/7/21,27182842,89165,118326,80353.701,263.576,349.777
USA,North America,United States,2/8/21,27266045,83203,112227.143,80599.653,245.952,331.748
USA,North America,United States,2/9/21,27361747,95702,109117.429,80882.552,282.899,322.556
USA,North America,United States,2/10/21,27457451,95704,105013.429,81165.458,282.905,310.424
USA,North America,United States,2/11/21,27563619,106168,102372.714,81479.295,313.837,302.618
USA,North America,United States,2/12/21,27663190,99571,97964.857,81773.631,294.336,289.589
USA,North America,United States,2/13/21,27753518,90328,94263,82040.645,267.014,278.646
USA,North America,United States,2/14/21,27821708,68190,91266.571,82242.218,201.573,269.788
USA,North America,United States,2/15/21,27877874,56166,87404.143,82408.247,166.029,258.371
USA,North America,United States,2/16/21,27937696,59822,82278.429,82585.083,176.837,243.219
USA,North America,United States,2/17/21,28006687,68991,78462.286,82789.024,203.94,231.938
USA,North America,United States,2/18/21,28078935,72248,73616.571,83002.592,213.568,217.614
USA,North America,United States,2/19/21,28153807,74872,70088.143,83223.917,221.325,207.184
USA,North America,United States,2/20/21,28227344,73537,67689.429,83441.296,217.379,200.093
USA,North America,United States,2/21/21,28282591,55247,65840.429,83604.609,163.313,194.627
USA,North America,United States,2/22/21,28338664,56073,65827.143,83770.363,165.754,194.588
USA,North America,United States,2/23/21,28412485,73821,67827,83988.581,218.218,200.5
USA,North America,United States,2/24/21,28487500,75015,68687.571,84210.329,221.748,203.044
USA,North America,United States,2/25/21,28564577,77077,69377.429,84438.172,227.843,205.083
USA,North America,United States,2/26/21,28639519,74942,69387.429,84659.704,221.532,205.112
USA,North America,United States,2/27/21,28710327,70808,68997.571,84869.015,209.312,203.96
USA,North America,United States,2/28/21,28761980,51653,68484.143,85021.704,152.689,202.442
USA,North America,United States,3/1/21,28812135,50155,67638.714,85169.964,148.26,199.943
USA,North America,United States,3/2/21,28870802,58667,65473.857,85343.387,173.422,193.544
USA,North America,United States,3/3/21,28937884,67082,64340.571,85541.684,198.297,190.194
USA,North America,United States,3/4/21,29006364,68480,63112.429,85744.114,202.43,186.563
USA,North America,United States,3/5/21,29073567,67203,62006.857,85942.769,198.655,183.295
USA,North America,United States,3/6/21,29134314,60747,60569.571,86122.34,179.571,179.046
USA,North America,United States,3/7/21,29175854,41540,59124.857,86245.134,122.794,174.776
USA,North America,United States,3/8/21,29220653,44799,58359.714,86377.562,132.428,172.514
USA,North America,United States,3/9/21,29276478,55825,57953.714,86542.583,165.021,171.314
USA,North America,United States,3/10/21,29334196,57718,56616,86713.2,170.617,167.359
USA,North America,United States,3/11/21,29395956,61760,55656,86895.766,182.565,164.522
USA,North America,United States,3/12/21,29458239,62283,54953.143,87079.877,184.111,162.444
USA,North America,United States,3/13/21,29514505,56266,54313,87246.202,166.325,160.552
USA,North America,United States,3/14/21,29553068,38563,53887.714,87360.196,113.994,159.295
USA,North America,United States,3/15/21,29604632,51564,54854.143,87512.621,152.425,162.151
USA,North America,United States,3/16/21,29659707,55075,54747,87675.425,162.804,161.835
USA,North America,United States,3/17/21,29719589,59882,55056.143,87852.439,177.014,162.748
USA,North America,United States,3/18/21,29781795,62206,55119.857,88036.323,183.884,162.937
USA,North America,United States,3/19/21,29842707,60912,54924,88216.382,180.059,162.358
USA,North America,United States,3/20/21,29900957,58250,55207.429,88388.571,172.19,163.196
USA,North America,United States,3/21/21,29936364,35407,54756.571,88493.236,104.665,161.863
USA,North America,United States,3/22/21,29984799,48435,54309.571,88636.412,143.176,160.542
USA,North America,United States,3/23/21,30037560,52761,53979,88792.376,155.964,159.564
USA,North America,United States,3/24/21,30125395,87835,57972.286,89052.02,259.644,171.369
USA,North America,United States,3/25/21,30192783,67388,58712.571,89251.222,199.202,173.557
USA,North America,United States,3/26/21,30268922,76139,60887.857,89476.292,225.07,179.987
USA,North America,United States,3/27/21,30332706,63784,61678.429,89664.841,188.548,182.324
USA,North America,United States,3/28/21,30379078,46372,63244.857,89801.918,137.078,186.955
USA,North America,United States,3/29/21,30445751,66673,65850.286,89999.007,197.088,194.656
USA,North America,United States,3/30/21,30507974,62223,67202,90182.941,183.934,198.652
USA,North America,United States,3/31/21,30577384,69410,64569.857,90388.12,205.179,190.871
USA,North America,United States,4/1/21,30654234,76850,65921.571,90615.292,227.172,194.867
USA,North America,United States,4/2/21,30728116,73882,65599.143,90833.69,218.399,193.914
USA,North America,United States,4/3/21,30792612,64496,65700.857,91024.343,190.653,194.215
USA,North America,United States,4/4/21,30830479,37867,64485.857,91136.28,111.937,190.623
USA,North America,United States,4/5/21,30898730,68251,64711.286,91338.033,201.753,191.289
USA,North America,United States,4/6/21,30962119,63389,64877.857,91525.414,187.381,191.782
USA,North America,United States,4/7/21,31037876,75757,65784.571,91749.355,223.941,194.462
USA,North America,United States,4/8/21,31117719,79843,66212.143,91985.374,236.019,195.726
USA,North America,United States,4/9/21,31202137,84418,67717.286,92234.918,249.543,200.175
USA,North America,United States,4/10/21,31272482,70345,68552.857,92442.861,207.943,202.645
USA,North America,United States,4/11/21,31319807,47325,69904,92582.755,139.895,206.639
USA,North America,United States,4/12/21,31383036,63229,69186.571,92769.663,186.908,204.519
USA,North America,United States,4/13/21,31463727,80691,71658.286,93008.189,238.526,211.825
USA,North America,United States,4/14/21,31538709,74982,71547.571,93229.84,221.65,211.498
USA,North America,United States,4/15/21,31612928,74219,70744.143,93449.234,219.395,209.123
USA,North America,United States,4/16/21,31695697,82769,70508.571,93693.903,244.669,208.427
USA,North America,United States,4/17/21,31751052,55355,68367.143,93857.535,163.632,202.096
USA,North America,United States,4/18/21,31794872,43820,67866.429,93987.069,129.534,200.616
USA,North America,United States,4/19/21,31854742,59870,67386.571,94164.047,176.978,199.198
USA,North America,United States,4/20/21,31917047,62305,64760,94348.224,184.176,191.433
USA,North America,United States,4/21/21,31981758,64711,63292.714,94539.512,191.289,187.096
USA,North America,United States,4/22/21,32047942,66184,62144.857,94735.155,195.643,183.703
USA,North America,United States,4/23/21,32110615,62673,59274,94920.419,185.264,175.217
USA,North America,United States,4/24/21,32164902,54287,59121.429,95080.894,160.475,174.766
USA,North America,United States,4/25/21,32199303,34401,57775.857,95182.585,101.691,170.788
USA,North America,United States,4/26/21,32242612,43309,55410,95310.608,128.023,163.794
USA,North America,United States,4/27/21,32294633,52021,53940.857,95464.385,153.776,159.452
USA,North America,United States,4/28/21,32350500,55867,52677.429,95629.53,165.145,155.717
USA,North America,United States,4/29/21,32408182,57682,51462.857,95800.041,170.511,152.127
USA,North America,United States,4/30/21,32465918,57736,50757.571,95970.711,170.67,150.042
USA,North America,United States,5/1/21,32514077,48159,49882.143,96113.071,142.36,147.454
USA,North America,United States,5/2/21,32544671,30594,49338.286,96203.508,90.437,145.846
USA,North America,United States,5/3/21,32590070,45399,49636.857,96337.71,134.201,146.729
USA,North America,United States,5/4/21,32632788,42718,48307.857,96463.986,126.276,142.8
USA,North America,United States,5/5/21,32678604,45816,46872,96599.42,135.434,138.556
USA,North America,United States,5/6/21,32724534,45930,45193.143,96735.191,135.771,133.593
USA,North America,United States,5/7/21,32772712,48178,43827.714,96877.608,142.416,129.557
USA,North America,United States,5/8/21,32807667,34955,41941.429,96980.936,103.329,123.981
USA,North America,United States,5/9/21,32830402,22735,40818.714,97048.142,67.206,120.662
USA,North America,United States,5/10/21,32863214,32812,39020.571,97145.136,96.994,115.347
USA,North America,United States,5/11/21,32898489,35275,37957.286,97249.41,104.274,112.203
USA,North America,United States,5/12/21,32934464,35975,36551.429,97355.754,106.344,108.048
USA,North America,United States,5/13/21,32972337,37873,35400.429,97467.708,111.954,104.645
USA,North America,United States,5/14/21,33013938,41601,34460.857,97590.683,122.974,101.868
USA,North America,United States,5/15/21,33044405,30467,33819.714,97680.745,90.062,99.973
USA,North America,United States,5/16/21,33062037,17632,33090.714,97732.866,52.121,97.818
USA,North America,United States,5/17/21,33087567,25530,32050.429,97808.333,75.468,94.743
USA,North America,United States,5/18/21,33116575,29008,31155.143,97894.082,85.749,92.096
USA,North America,United States,5/19/21,33145645,29070,30168.714,97980.015,85.932,89.18
USA,North America,United States,5/20/21,33175638,29993,29043,98068.675,88.661,85.852
USA,North America,United States,5/21/21,33204315,28677,27196.714,98153.446,84.77,80.395
USA,North America,United States,5/22/21,33225220,20905,25830.714,98215.242,61.796,76.357
USA,North America,United States,5/23/21,33239005,13785,25281.143,98255.991,40.749,74.732
USA,North America,United States,5/24/21,33261175,22170,24801.143,98321.526,65.536,73.313
USA,North America,United States,5/25/21,33284972,23797,24056.714,98391.871,70.345,71.113
USA,North America,United States,5/26/21,33309344,24372,23385.571,98463.916,72.045,69.129
USA,North America,United States,5/27/21,33335879,26535,22891.571,98542.355,78.439,67.669
USA,North America,United States,5/28/21,33357803,21924,21926.857,98607.163,64.808,64.817
USA,North America,United States,5/29/21,33370781,12978,20794.429,98645.527,38.364,61.469
USA,North America,United States,5/30/21,33377985,7204,19854.286,98666.822,21.295,58.69
USA,North America,United States,5/31/21,33384334,6349,17594.143,98685.59,18.768,52.009
USA,North America,United States,6/1/21,33405423,21089,17207.286,98747.93,62.34,50.866
USA,North America,United States,6/2/21,33422009,16586,16095,98796.959,49.029,47.578
USA,North America,United States,6/3/21,33439989,17980,14872.857,98850.109,53.15,43.965
USA,North America,United States,6/4/21,33457526,17537,14246.143,98901.949,51.84,42.112
USA,North America,United States,6/5/21,33472682,15156,14557.286,98946.751,44.802,43.032
USA,North America,United States,6/6/21,33478578,5896,14370.429,98964.179,17.429,42.48
USA,North America,United States,6/7/21,33492767,14189,15490.429,99006.123,41.943,45.79
USA,North America,United States,6/8/21,33505561,12794,14305.429,99043.942,37.82,42.287
USA,North America,United States,6/9/21,33523768,18207,14537,99097.763,53.821,42.972
USA,North America,United States,6/10/21,33538283,14515,14042,99140.67,42.907,41.509
USA,North America,United States,6/11/21,33562799,24516,15039,99213.14,72.47,44.456
USA,North America,United States,6/12/21,33571620,8821,14134,99239.216,26.075,41.781
USA,North America,United States,6/13/21,33576646,5026,14009.714,99254.073,14.857,41.413
USA,North America,United States,6/14/21,33588550,11904,13683.286,99289.262,35.189,40.448
USA,North America,United States,6/15/21,33599196,10646,13376.429,99320.732,31.47,39.541
USA,North America,United States,6/16/21,33610949,11753,12454.429,99355.474,34.742,36.816
USA,North America,United States,6/17/21,33622468,11519,12026.429,99389.525,34.051,35.551
USA,North America,United States,6/18/21,33643452,20984,11521.857,99451.554,62.03,34.059
USA,North America,United States,6/19/21,33652337,8885,11531,99477.819,26.264,34.086
USA,North America,United States,6/20/21,33657262,4925,11516.571,99492.377,14.559,34.044
USA,North America,United States,6/21/21,33667994,10732,11349.143,99524.102,31.724,33.549
USA,North America,United States,6/22/21,33678762,10768,11366.571,99555.932,31.831,33.6
USA,North America,United States,6/23/21,33691260,12498,11473,99592.877,36.945,33.915
USA,North America,United States,6/24/21,33705453,14193,11855,99634.832,41.955,35.044
USA,North America,United States,6/25/21,33729975,24522,12360.429,99707.32,72.488,36.538
USA,North America,United States,6/26/21,33739034,9059,12385.286,99734.099,26.779,36.611
USA,North America,United States,6/27/21,33743693,4659,12347.286,99747.871,13.772,36.499
USA,North America,United States,6/28/21,33757463,13770,12781.286,99788.576,40.705,37.782
USA,North America,United States,6/29/21,33764989,7526,12318.143,99810.823,22.247,36.413
USA,North America,United States,6/30/21,33780274,15285,12716.286,99856.006,45.183,37.59
USA,North America,United States,7/1/21,33795195,14921,12820.286,99900.113,44.107,37.897
USA,North America,United States,7/2/21,33824813,29618,13548.286,99987.666,87.552,40.049
USA,North America,United States,7/3/21,33830083,5270,13007,100003.244,15.578,38.449
USA,North America,United States,7/4/21,33834348,4265,12950.714,100015.851,12.608,38.283
USA,North America,United States,7/5/21,33843509,9161,12292.286,100042.932,27.08,36.337
USA,North America,United States,7/6/21,33866082,22573,14441.857,100109.659,66.727,42.691
USA,North America,United States,7/7/21,33886230,20148,15136.571,100169.217,59.558,44.744
USA,North America,United States,7/8/21,33907108,20878,15987.571,100230.933,61.716,47.26
USA,North America,United States,7/9/21,33954097,46989,18469.143,100369.835,138.902,54.596
USA,North America,United States,7/10/21,33964114,10017,19147.286,100399.446,29.611,56.6
USA,North America,United States,7/11/21,33975876,11762,20218.286,100434.215,34.769,59.766
USA,North America,United States,7/12/21,34005537,29661,23146.857,100521.894,87.679,68.423
USA,North America,United States,7/13/21,34032012,26475,23704.286,100600.155,78.261,70.071
USA,North America,United States,7/14/21,34063160,31148,25275.714,100692.23,92.075,74.716
USA,North America,United States,7/15/21,34095102,31942,26856.286,100786.652,94.422,79.388
USA,North America,United States,7/16/21,34173134,78032,31291,101017.318,230.666,92.498
USA,North America,United States,7/17/21,34187200,14066,31869.429,101058.898,41.58,94.207
USA,North America,United States,7/18/21,34207570,20370,33099.143,101119.112,60.215,97.843
USA,North America,United States,7/19/21,34256797,49227,35894.286,101264.63,145.517,106.105
USA,North America,United States,7/20/21,34296684,39887,37810.286,101382.537,117.908,111.769
USA,North America,United States,7/21/21,34344555,47871,40199.286,101524.046,141.509,118.831
USA,North America,United States,7/22/21,34400991,56436,43698.429,101690.874,166.827,129.175
USA,North America,United States,7/23/21,34521796,120805,49808.857,102047.979,357.105,147.237
USA,North America,United States,7/24/21,34551145,29349,51992.143,102134.736,86.757,153.691
USA,North America,United States,7/25/21,34579770,28625,53171.429,102219.352,84.617,157.177
USA,North America,United States,7/26/21,34658325,78555,57361.143,102451.564,232.212,169.562
USA,North America,United States,7/27/21,34723396,65071,60958.857,102643.917,192.353,180.197
USA,North America,United States,7/28/21,34796978,73582,64631.857,102861.429,217.512,191.055
USA,North America,United States,7/29/21,34869340,72362,66907,103075.334,213.905,197.78
USA,North America,United States,7/30/21,35060521,191181,76960.714,103640.474,565.14,227.499
USA,North America,United States,7/31/21,35105192,44671,79149.571,103772.523,132.049,233.97
USA,North America,United States,8/1/21,35150569,45377,81542.714,103906.66,134.136,241.044
USA,North America,United States,8/2/21,35258090,107521,85680.714,104224.497,317.837,253.276
USA,North America,United States,8/3/21,35356059,97969,90380.429,104514.098,289.601,267.169
USA,North America,United States,8/4/21,35458566,102507,94512.571,104817.113,303.015,279.383
USA,North America,United States,8/5/21,35568156,109590,99830.857,105141.066,323.953,295.104
USA,North America,United States,8/6/21,35820067,251911,108506.571,105885.726,744.66,320.75
USA,North America,United States,8/7/21,35883948,63881,111250.857,106074.561,188.835,328.863
USA,North America,United States,8/8/21,35919634,35686,109866.429,106180.051,105.489,324.77
USA,North America,United States,8/9/21,36078065,158431,117139.286,106648.38,468.329,346.269
USA,North America,United States,8/10/21,36196257,118192,120028.286,106997.761,349.381,354.809
USA,North America,United States,8/11/21,36350837,154580,127467.286,107454.706,456.945,376.799
USA,North America,United States,8/12/21,36494648,143811,132356,107879.818,425.112,391.25
USA,North America,United States,8/13/21,36721493,226845,128775.143,108550.382,670.564,380.665
USA,North America,United States,8/14/21,36795668,74175,130245.714,108769.646,219.265,385.012
USA,North America,United States,8/15/21,36843530,47862,131985.143,108911.129,141.482,390.154
USA,North America,United States,8/16/21,37036888,193358,136974.714,109482.703,571.575,404.903
USA,North America,United States,8/17/21,37188000,151112,141677.571,109929.397,446.694,418.805
USA,North America,United States,8/18/21,37355351,167351,143502,110424.094,494.697,424.198
USA,North America,United States,8/19/21,37510629,155278,145140.143,110883.103,459.009,429.041
USA,North America,United States,8/20/21,37749763,239134,146895.714,111589.994,706.891,434.23
USA,North America,United States,8/21/21,37843266,93503,149656.857,111866.393,276.399,442.392
USA,North America,United States,8/22/21,37888624,45358,149299.143,112000.473,134.08,441.335
USA,North America,United States,8/23/21,38094809,206185,151131.571,112609.965,609.492,446.752
USA,North America,United States,8/24/21,38250002,155193,151714.571,113068.723,458.757,448.475
USA,North America,United States,8/25/21,38429210,179208,153408.429,113598.47,529.747,453.482
USA,North America,United States,8/26/21,38612972,183762,157477.571,114141.679,543.209,465.511
USA,North America,United States,8/27/21,38851330,238358,157366.714,114846.275,704.597,465.183
USA,North America,United States,8/28/21,38931465,80135,155457,115083.158,236.883,459.538
USA,North America,United States,8/29/21,38984640,53175,156573.714,115240.346,157.188,462.839
USA,North America,United States,8/30/21,39212570,227930,159680.143,115914.117,673.771,472.022
USA,North America,United States,8/31/21,39392539,179969,163219.571,116446.114,531.996,482.484
USA,North America,United States,9/1/21,39583147,190608,164848.143,117009.559,563.446,487.299
USA,North America,United States,9/2/21,39762216,179069,164177.714,117538.895,529.336,485.317
USA,North America,United States,9/3/21,39997466,235250,163733.714,118234.305,695.41,484.004
USA,North America,United States,9/4/21,40084765,87299,164757.143,118492.365,258.06,487.03
USA,North America,United States,9/5/21,40149446,64681,166400.857,118683.565,191.2,491.888
USA,North America,United States,9/6/21,40239435,89989,146695,118949.576,266.012,433.637
USA,North America,United States,9/7/21,40449480,210045,150991.571,119570.479,620.902,446.338
USA,North America,United States,9/8/21,40627249,177769,149157.429,120095.972,525.493,440.916
USA,North America,United States,9/9/21,40793907,166658,147384.429,120588.62,492.649,435.675
USA,North America,United States,9/10/21,41035738,241831,148324.571,121303.484,714.863,438.454
USA,North America,United States,9/11/21,41126187,90449,148774.571,121570.855,267.371,439.784
USA,North America,United States,9/12/21,41175757,49570,146615.857,121717.386,146.531,433.403
USA,North America,United States,9/13/21,41383484,207727,163435.571,122331.436,614.05,483.123
USA,North America,United States,9/14/21,41529022,145538,154220.286,122761.653,430.217,455.882
USA,North America,United States,9/15/21,41702440,173418,153598.714,123274.285,512.631,454.045
USA,North America,United States,9/16/21,41861046,158606,152448.429,123743.131,468.846,450.644
USA,North America,United States,9/17/21,42071757,210711,148002.714,124366.002,622.871,437.503
USA,North America,United States,9/18/21,42148010,76253,145974.714,124591.41,225.407,431.508
USA,North America,United States,9/19/21,42194013,46003,145465.143,124727.396,135.987,430.001
USA,North America,United States,9/20/21,42363430,169417,139992.286,125228.201,500.804,413.823
USA,North America,United States,9/21/21,42485250,121820,136604,125588.306,360.105,403.808
USA,North America,United States,9/22/21,42616981,131731,130648.714,125977.709,389.403,386.203
USA,North America,United States,9/23/21,42746015,129034,126424.143,126359.139,381.43,373.715
USA,North America,United States,9/24/21,42920660,174645,121271.857,126875.398,516.258,358.485
USA,North America,United States,9/25/21,42982510,61850,119214.286,127058.229,182.831,352.403
USA,North America,United States,9/26/21,43038137,55627,120589.143,127222.665,164.436,356.467
USA,North America,United States,9/27/21,43192072,153935,118377.429,127677.704,455.039,349.929
USA,North America,United States,9/28/21,43305214,113142,117137.714,128012.157,334.453,346.264
USA,North America,United States,9/29/21,43427214,122000,115747.571,128372.794,360.637,342.155
USA,North America,United States,9/30/21,43537303,110089,113041.143,128698.222,325.428,334.155
USA,North America,United States,10/1/21,43692212,154909,110221.714,129156.14,457.918,325.82
USA,North America,United States,10/2/21,43741966,49754,108493.714,129303.215,147.075,320.712
USA,North America,United States,10/3/21,43788194,46228,107151,129439.867,136.652,316.743
USA,North America,United States,10/4/21,43928791,140597,105245.571,129855.478,415.611,311.111
USA,North America,United States,10/5/21,44024271,95480,102722.429,130137.721,282.243,303.652
USA,North America,United States,10/6/21,44137125,112854,101415.857,130471.323,333.601,299.79
USA,North America,United States,10/7/21,44238158,101033,100122.143,130769.981,298.658,295.966
USA,North America,United States,10/8/21,44368788,130630,96653.714,131156.129,386.148,285.713
USA,North America,United States,10/9/21,44409103,40315,95305.286,131275.302,119.173,281.727
USA,North America,United States,10/10/21,44450096,40993,94557.429,131396.479,121.177,279.516
USA,North America,United States,10/11/21,44542961,92865,87738.571,131670.992,274.513,259.359
USA,North America,United States,10/12/21,44653905,110944,89947.714,131998.948,327.955,265.889
USA,North America,United States,10/13/21,44762317,108412,89313.143,132319.418,320.471,264.014
USA,North America,United States,10/14/21,44848441,86124,87183.286,132574.005,254.586,257.718
USA,North America,United States,10/15/21,44957288,108847,84071.429,132895.761,321.757,248.519
USA,North America,United States,10/16/21,44998637,41349,84219.143,133017.991,122.23,248.956
USA,North America,United States,10/17/21,45031809,33172,83101.857,133116.049,98.058,245.653
USA,North America,United States,10/18/21,45128462,96653,83643,133401.759,285.711,247.252
USA,North America,United States,10/19/21,45211061,82599,79593.714,133645.926,244.166,235.283
USA,North America,United States,10/20/21,45303379,92318,77294.571,133918.822,272.896,228.486
USA,North America,United States,10/21/21,45380650,77271,76029.857,134147.239,228.417,224.748
USA,North America,United States,10/22/21,45476618,95968,74190,134430.924,283.686,219.309
USA,North America,United States,10/23/21,45510894,34276,73179.571,134532.246,101.321,216.322
USA,North America,United States,10/24/21,45531846,20952,71433.857,134594.181,61.935,211.162
USA,North America,United States,10/25/21,45641334,109488,73267.429,134917.832,323.651,216.582
USA,North America,United States,10/26/21,45708955,67621,71127.714,135117.723,199.891,210.257
USA,North America,United States,10/27/21,45811484,102529,72586.429,135420.803,303.08,214.569
USA,North America,United States,10/28/21,45886009,74525,72194.143,135641.102,220.299,213.409
USA,North America,United States,10/29/21,45980845,94836,72032.429,135921.442,280.339,212.931
USA,North America,United States,10/30/21,46017100,36255,72315.143,136028.613,107.171,213.767
USA,North America,United States,10/31/21,46051106,34006,74180,136129.137,100.523,219.279
USA,North America,United States,11/1/21,46160960,109854,74232.286,136453.87,324.733,219.434
USA,North America,United States,11/2/21,46230988,70028,74576.143,136660.876,207.006,220.45
USA,North America,United States,11/3/21,46317754,86766,72324.286,136917.36,256.484,213.794
USA,North America,United States,11/4/21,46398995,81241,73283.714,137157.512,240.152,216.63
USA,North America,United States,11/5/21,46496128,97133,73611.857,137444.642,287.13,217.6
USA,North America,United States,11/6/21,46533388,37260,73755.429,137554.784,110.142,218.024
USA,North America,United States,11/7/21,46572358,38970,74464.571,137669.981,115.197,220.121
USA,North America,United States,11/8/21,46679688,107330,74104,137987.253,317.272,219.055
USA,North America,United States,11/9/21,46759596,79908,75515.429,138223.465,236.212,223.227
USA,North America,United States,11/10/21,46854840,95244,76726.571,138505.01,281.546,226.807
USA,North America,United States,11/11/21,46912378,57538,73340.429,138675.095,170.085,216.798
USA,North America,United States,11/12/21,47056508,144130,80054.286,139101.15,426.055,236.644
USA,North America,United States,11/13/21,47102676,46168,81326.857,139237.625,136.475,240.406
USA,North America,United States,11/14/21,47136547,33871,80598.429,139337.749,100.124,238.253
USA,North America,United States,11/15/21,47267610,131063,83988.857,139725.177,387.428,248.275
USA,North America,United States,11/16/21,47355595,87985,85142.714,139985.265,260.088,251.686
USA,North America,United States,11/17/21,47468125,112530,87612.143,140317.908,332.644,258.985
USA,North America,United States,11/18/21,47576662,108537,94897.714,140638.749,320.84,280.522
USA,North America,United States,11/19/21,47702929,126267,92345.857,141011.999,373.251,272.978
USA,North America,United States,11/20/21,47750115,47186,92491.286,141151.483,139.484,273.408
USA,North America,United States,11/21/21,47791610,41495,93580.429,141274.145,122.661,276.628
USA,North America,United States,11/22/21,47932585,140975,94996.429,141690.873,416.728,280.814
USA,North America,United States,11/23/21,48024223,91638,95518.286,141961.759,270.886,282.356
USA,North America,United States,11/24/21,48135575,111352,95350,142290.92,329.162,281.859
USA,North America,United States,11/25/21,48172943,37368,85183,142401.382,110.461,251.805
USA,North America,United States,11/26/21,48227627,54684,74956.857,142563.03,161.648,221.576
USA,North America,United States,11/27/21,48256022,28395,72272.429,142646.967,83.937,213.641
USA,North America,United States,11/28/21,48301102,45080,72784.571,142780.226,133.259,215.154
USA,North America,United States,11/29/21,48486275,185173,79098.571,143327.605,547.38,233.819
USA,North America,United States,11/30/21,48603725,117450,82786,143674.793,347.187,244.719
USA,North America,United States,12/1/21,48740665,136940,86441.429,144079.594,404.801,255.525
USA,North America,United States,12/2/21,48878860,138195,100845.286,144488.104,408.511,298.103
USA,North America,United States,12/3/21,49036799,157939,115596,144954.979,466.875,341.707
USA,North America,United States,12/4/21,49104716,67917,121242,145155.745,200.766,358.397
USA,North America,United States,12/5/21,49161173,56457,122867.286,145322.634,166.889,363.201
USA,North America,United States,12/6/21,49336245,175072,121424.286,145840.155,517.521,358.936
USA,North America,United States,12/7/21,49448563,112318,120691.143,146172.172,332.017,356.768
USA,North America,United States,12/8/21,49597974,149411,122472.714,146613.838,441.666,362.035
USA,North America,United States,12/9/21,49721750,123776,120412.857,146979.725,365.887,355.946
USA,North America,United States,12/10/21,49879252,157502,120350.429,147445.308,465.583,355.761
USA,North America,United States,12/11/21,49936875,57623,118879.857,147615.644,170.336,351.414
USA,North America,United States,12/12/21,49990253,53378,118440,147773.432,157.788,350.114
USA,North America,United States,12/13/21,50173634,183381,119627,148315.514,542.082,353.623
USA,North America,United States,12/14/21,50286853,113219,119755.714,148650.195,334.68,354.003
USA,North America,United States,12/15/21,50432567,145714,119227.571,149080.932,430.737,352.442
USA,North America,United States,12/16/21,50574580,142013,121832.857,149500.729,419.797,360.143
USA,North America,United States,12/17/21,50767190,192610,126848.286,150070.093,569.364,374.969
USA,North America,United States,12/18/21,50848736,81546,130265.857,150311.146,241.054,385.072
USA,North America,United States,12/19/21,50939640,90904,135626.714,150579.862,268.716,400.919
USA,North America,United States,12/20/21,51180877,241237,143891.857,151292.97,713.107,425.351
USA,North America,United States,12/21/21,51363023,182146,153738.571,151831.402,538.432,454.458
USA,North America,United States,12/22/21,51611011,247988,168349.143,152564.465,733.064,497.648
USA,North America,United States,12/23/21,51885154,274143,187224.857,153374.844,810.379,553.445
USA,North America,United States,12/24/21,52133366,248212,195168,154108.57,733.726,576.925
USA,North America,United States,12/25/21,52221654,88288,196131.143,154369.553,260.983,579.772
USA,North America,United States,12/26/21,52405574,183920,209419.143,154913.229,543.676,619.052
USA,North America,United States,12/27/21,52911634,506060,247251,156409.165,1495.936,730.885
USA,North America,United States,12/28/21,53283736,372102,274387.571,157509.115,1099.95,811.102
USA,North America,United States,12/29/21,53795181,511445,312024.286,159020.97,1511.854,922.358
USA,North America,United States,12/30/21,54392659,597478,358215,160787.142,1766.172,1058.9
USA,North America,United States,12/31/21,54904592,511933,395889.429,162300.439,1513.297,1170.267
USA,North America,United States,1/1/22,55096724,192132,410724.286,162868.389,567.951,1214.119
USA,North America,United States,1/2/22,55393051,296327,426782.429,163744.345,875.956,1261.588
USA,North America,United States,1/3/22,56436325,1043274,503527.286,166828.31,3083.965,1488.449
USA,North America,United States,1/4/22,57264459,828134,568674.714,169276.311,2448.001,1681.028
USA,North America,United States,1/5/22,57940689,676230,592215.429,171275.278,1998.966,1750.615
USA,North America,United States,1/6/22,58784231,843542,627367.429,173768.826,2493.548,1854.526
USA,North America,United States,1/7/22,59663807,879576,679887.857,176368.892,2600.066,2009.779
USA,North America,United States,1/8/22,60071580,407773,710693.714,177574.287,1205.395,2100.843
USA,North America,United States,1/9/22,60564909,493329,738836.857,179032.59,1458.303,2184.035
USA,North America,United States,1/10/22,61920150,1355241,783403.571,183038.743,4006.153,2315.776
USA,North America,United States,1/11/22,62705403,785253,777277.714,185359.986,2321.243,2297.668
USA,North America,United States,1/12/22,63559872,854469,802740.429,187885.835,2525.849,2372.937
USA,North America,United States,1/13/22,64424026,864154,805685,190440.313,2554.478,2381.641
USA,North America,United States,1/14/22,65303753,879727,805706.571,193040.825,2600.513,2381.705
USA,North America,United States,1/15/22,65719863,416110,806897.571,194270.865,1230.04,2385.225
USA,North America,United States,1/16/22,66205966,486103,805865.286,195707.807,1436.942,2382.174
USA,North America,United States,1/17/22,66865330,659364,706454.286,197656.917,1949.11,2088.311
USA,North America,United States,1/18/22,67998089,1132759,756098,201005.403,3348.486,2235.06
USA,North America,United States,1/19/22,68908985,910896,764159,203698.053,2692.649,2258.888
USA,North America,United States,1/20/22,69638216,729231,744884.286,205853.693,2155.64,2201.911
USA,North America,United States,1/21/22,70465274,827058,737360.143,208298.513,2444.821,2179.67
USA,North America,United States,1/22/22,70773374,308100,721930.143,209209.271,910.757,2134.058
USA,North America,United States,1/23/22,71143439,370065,705353.286,210303.199,1093.929,2085.056
USA,North America,United States,1/24/22,72054001,910562,741238.714,212994.861,2691.662,2191.135
USA,North America,United States,1/25/22,72546391,492390,649757.429,214450.388,1455.527,1920.712
USA,North America,United States,1/26/22,73223959,677568,616424.857,216453.31,2002.921,1822.18
USA,North America,United States,1/27/22,73726903,502944,584098.143,217940.035,1486.725,1726.62
USA,North America,United States,1/28/22,74340014,613111,553534.286,219752.418,1812.384,1636.272
USA,North America,United States,1/29/22,74521644,181630,535467.143,220289.325,536.906,1582.865
USA,North America,United States,1/30/22,74722126,200482,511241,220881.959,592.634,1511.251
USA,North America,United States,1/31/22,75258695,536569,457813.429,222468.081,1586.122,1353.317
USA,North America,United States,2/1/22,75584984,326289,434084.714,223432.606,964.525,1283.174
USA,North America,United States,2/2/22,75912724,327740,384109.286,224401.42,968.814,1135.444
USA,North America,United States,2/3/22,76186007,273283,351300.571,225209.257,807.837,1038.46
USA,North America,United States,2/4/22,76541064,355057,314435.714,226258.821,1049.564,929.486
USA,North America,United States,2/5/22,76628998,87934,301050.571,226518.758,259.937,889.919
USA,North America,United States,2/6/22,76713758,84760,284518.857,226769.312,250.554,841.051
USA,North America,United States,2/7/22,77057161,343403,256923.714,227784.427,1015.115,759.478
USA,North America,United States,2/8/22,77270929,213768,240849.286,228416.335,631.908,711.961
USA,North America,United States,2/9/22,77458400,187471,220810.857,228970.507,554.173,652.727
USA,North America,United States,2/10/22,77628759,170359,206107.429,229474.096,503.589,609.263
USA,North America,United States,2/11/22,77837222,208463,185165.429,230090.322,616.226,547.357
USA,North America,United States,2/12/22,77889856,52634,180122.571,230245.911,155.588,532.45
USA,North America,United States,2/13/22,77948926,59070,176452.571,230420.524,174.614,521.602
USA,North America,United States,2/14/22,78116527,167601,151338,230915.96,495.436,447.362
USA,North America,United States,2/15/22,78227015,110488,136583.714,231242.568,326.607,403.748
USA,North America,United States,2/16/22,78340941,113926,126077.286,231579.338,336.77,372.69
USA,North America,United States,2/17/22,78441646,100705,116126.714,231877.027,297.689,343.276
USA,North America,United States,2/18/22,78585639,143993,106916.714,232302.677,425.65,316.051
USA,North America,United States,2/19/22,78617616,31977,103965.714,232397.202,94.525,307.327
USA,North America,United States,2/20/22,78641122,23506,98885.143,232466.687,69.485,292.309
USA,North America,United States,2/21/22,78721006,79884,86354.143,232702.827,236.141,255.267
USA,North America,United States,2/22/22,78810187,89181,83310.286,232966.451,263.623,246.269
USA,North America,United States,2/23/22,78894320,84133,79054.143,233215.151,248.701,233.688
USA,North America,United States,2/24/22,78960789,66469,74163.286,233411.637,196.485,219.23
USA,North America,United States,2/25/22,79034480,73691,64120.143,233629.471,217.834,189.542
USA,North America,United States,2/26/22,79082199,47719,66369,233770.53,141.06,196.19
USA,North America,United States,2/27/22,79100714,18515,65656,233825.261,54.731,194.082
USA,North America,United States,2/28/22,79197615,96901,68087,234111.705,286.444,201.268
USA,North America,United States,3/1/22,79244023,46408,61976.571,234248.889,137.184,183.206
USA,North America,United States,3/2/22,79297101,53078,57540.143,234405.79,156.901,170.091
USA,North America,United States,3/3/22,79345557,48456,54966.857,234549.028,143.238,162.484
USA,North America,United States,3/4/22,79396259,50702,51682.714,234698.906,149.877,152.776
USA,North America,United States,3/5/22,79411465,15206,47038,234743.855,44.95,139.046
USA,North America,United States,3/6/22,79424069,12604,46193.571,234781.113,37.258,136.55
USA,North America,United States,3/7/22,79485606,61537,41141.571,234963.019,181.906,121.616
USA,North America,United States,3/8/22,79515066,29460,38720.429,235050.104,87.085,114.459
USA,North America,United States,3/9/22,79552099,37033,36428.286,235159.576,109.471,107.684
USA,North America,United States,3/10/22,79597869,45770,36044.571,235294.874,135.298,106.549
USA,North America,United States,3/11/22,79646724,48855,35780.714,235439.291,144.418,105.769
USA,North America,United States,3/12/22,79657192,10468,35103.857,235470.235,30.944,103.769
USA,North America,United States,3/13/22,79668471,11279,34914.571,235503.577,33.341,103.209
USA,North America,United States,3/14/22,79703004,34533,31056.857,235605.658,102.081,91.805
USA,North America,United States,3/15/22,79726509,23505,30206.143,235675.139,69.482,89.291
USA,North America,United States,3/16/22,79777763,51254,32237.714,235826.649,151.509,95.296
USA,North America,United States,3/17/22,79829789,52026,33131.429,235980.44,153.791,97.938
USA,North America,United States,3/18/22,79861510,31721,30683.714,236074.209,93.769,90.702
USA,North America,United States,3/19/22,79872612,11102,30774.286,236107.027,32.818,90.97
USA,North America,United States,3/20/22,79884265,11653,30827.714,236141.473,34.447,91.128
USA,North America,United States,3/21/22,79925736,41471,31818.857,236264.063,122.59,94.058
USA,North America,United States,3/22/22,79946962,21226,31493.286,236326.808,62.745,93.096
USA,North America,United States,3/23/22,79986893,39931,29875.714,236444.846,118.038,88.314
USA,North America,United States,3/24/22,80028994,42101,28457.857,236569.299,124.452,84.123
USA,North America,United States,3/25/22,80073435,44441,30275,236700.668,131.37,89.494
USA,North America,United States,3/26/22,80083121,9686,30072.714,236729.301,28.632,88.896
USA,North America,United States,3/27/22,80095141,12020,30125.143,236764.832,35.532,89.051
USA,North America,United States,3/28/22,80132849,37708,29587.571,236876.299,111.467,87.462
USA,North America,United States,3/29/22,80156091,23242,29875.571,236945.003,68.704,88.314
USA,North America,United States,3/30/22,80194227,38136,29619.143,237057.735,112.732,87.556
USA,North America,United States,3/31/22,80238721,44494,29961,237189.261,131.526,88.566
USA,North America,United States,4/1/22,80269878,31157,28063.286,237281.363,92.101,82.956
USA,North America,United States,4/2/22,80281905,12027,28397.714,237316.915,35.552,83.945
USA,North America,United States,4/3/22,80286893,4988,27393.143,237331.66,14.745,80.975
USA,North America,United States,4/4/22,80325018,38125,27452.714,237444.359,112.699,81.151
USA,North America,United States,4/5/22,80349990,24972,27699.857,237518.177,73.818,81.882
USA,North America,United States,4/6/22,80389914,39924,27955.286,237636.194,118.017,82.637
USA,North America,United States,4/7/22,80439594,49680,28696.143,237783.051,146.856,84.827
USA,North America,United States,4/8/22,80512784,73190,34700.857,237999.404,216.353,102.577
USA,North America,United States,4/9/22,80525839,13055,34847.714,238037.995,38.591,103.011
USA,North America,United States,4/10/22,80535653,9814,35537.143,238067.005,29.011,105.049
USA,North America,United States,4/11/22,80573779,38126,35537.286,238179.708,112.702,105.05
USA,North America,United States,4/12/22,80609004,35225,37002,238283.834,104.127,109.38
USA,North America,United States,4/13/22,80665080,56076,39309.429,238449.597,165.763,116.2
USA,North America,United States,4/14/22,80712938,47858,39049.143,238591.068,141.47,115.431
USA,North America,United States,4/15/22,80747132,34194,33478.286,238692.147,101.079,98.963
USA,North America,United States,4/16/22,80759937,12805,33442.571,238729.999,37.852,98.858
USA,North America,United States,4/17/22,80767859,7922,33172.286,238753.417,23.418,98.059
USA,North America,United States,4/18/22,80827434,59575,36236.429,238929.523,176.106,107.117
USA,North America,United States,4/19/22,80865927,38493,36703.286,239043.31,113.787,108.497
USA,North America,United States,4/20/22,80933732,67805,38378.857,239243.745,200.435,113.45
USA,North America,United States,4/21/22,80994202,60470,40180.571,239422.497,178.752,118.776
USA,North America,United States,4/22/22,81083025,88823,47984.714,239685.062,262.565,141.845
USA,North America,United States,4/23/22,81103302,20277,49052.143,239745.001,59.94,145
USA,North America,United States,4/24/22,81117273,13971,49916.286,239786.3,41.299,147.555
USA,North America,United States,4/25/22,81185546,68273,51158.857,239988.118,201.818,151.228
USA,North America,United States,4/26/22,81230702,45156,52110.714,240121.602,133.483,154.042
USA,North America,United States,4/27/22,81320529,89827,55256.714,240387.134,265.533,163.341
USA,North America,United States,4/28/22,81397654,77125,57636,240615.119,227.985,170.375
USA,North America,United States,4/29/22,81458906,61252,53697.286,240796.183,181.064,158.732
USA,North America,United States,4/30/22,81483551,24645,54321.286,240869.035,72.852,160.576
USA,North America,United States,5/1/22,81500905,17354,54804.571,240920.334,51.299,162.005
USA,North America,United States,5/2/22,81594806,93901,58465.714,241197.909,277.576,172.827
USA,North America,United States,5/3/22,81644734,49928,59147.429,241345.499,147.589,174.842
USA,North America,United States,5/4/22,81757092,112358,62366.143,241677.634,332.135,184.357
USA,North America,United States,5/5/22,81845424,88332,63967.143,241938.747,261.113,189.09
USA,North America,United States,5/6/22,81974486,129062,73654.286,242320.26,381.513,217.725
USA,North America,United States,5/7/22,82003172,28686,74231.571,242405.058,84.797,219.432
USA,North America,United States,5/8/22,82009770,6598,72695,242424.561,19.504,214.89
USA,North America,United States,5/9/22,82138987,129217,77740.143,242806.533,381.971,229.803
USA,North America,United States,5/10/22,82209710,70723,80710.857,243015.593,209.06,238.585
USA,North America,United States,5/11/22,82370752,161042,87665.714,243491.64,476.047,259.144
USA,North America,United States,5/12/22,82476223,105471,90114.143,243803.418,311.777,266.381
USA,North America,United States,5/13/22,82563490,87267,84143.429,244061.383,257.965,248.732
USA,North America,United States,5/14/22,82581610,18120,82634,244114.946,53.564,244.27
USA,North America,United States,5/15/22,82614731,33121,86423,244212.853,97.907,255.47
USA,North America,United States,5/16/22,82791695,176964,93244,244735.967,523.114,275.633
USA,North America,United States,5/17/22,82877169,85474,95351.286,244988.632,252.665,281.863
USA,North America,United States,5/18/22,83081051,203882,101471.286,245591.316,602.684,299.954
USA,North America,United States,5/19/22,83216524,135473,105757.286,245991.78,400.464,312.623
USA,North America,United States,5/20/22,83365310,148786,114545.714,246431.599,439.818,338.602
USA,North America,United States,5/21/22,83393412,28102,115971.714,246514.669,83.071,342.818
USA,North America,United States,5/22/22,83406775,13363,113149.143,246554.171,39.502,334.474
USA,North America,United States,5/23/22,83555823,149048,109161.143,246994.764,440.593,322.685
USA,North America,United States,5/24/22,83639691,83868,108931.714,247242.681,247.918,322.007
USA,North America,United States,5/25/22,83850452,210761,109914.429,247865.7,623.019,324.912
USA,North America,United States,5/26/22,83985769,135317,109892.143,248265.703,400.003,324.846
USA,North America,United States,5/27/22,84093773,108004,104066.143,248584.968,319.265,307.624
USA,North America,United States,5/28/22,84107971,14198,102079.857,248626.938,41.97,301.753
USA,North America,United States,5/29/22,84115029,7058,101179.143,248647.802,20.864,299.09
USA,North America,United States,5/30/22,84177487,62458,88809.143,248832.43,184.629,262.524
USA,North America,United States,5/31/22,84344822,167335,100733,249327.08,494.65,297.771
USA,North America,United States,6/1/22,84573779,228957,103332.429,250003.887,676.807,305.455
USA,North America,United States,6/2/22,84695905,122126,101448,250364.897,361.01,299.885
USA,North America,United States,6/3/22,84852898,156993,108446.429,250828.975,464.078,320.573
USA,North America,United States,6/4/22,84880951,28053,110425.714,250911.901,82.926,326.423
USA,North America,United States,6/5/22,84897234,16283,111743.571,250960.035,48.133,330.319
USA,North America,United States,6/6/22,85056979,159745,125641.714,251432.248,472.213,371.403
USA,North America,United States,6/7/22,85143861,86882,114148.429,251689.075,256.827,337.428
USA,North America,United States,6/8/22,85342780,198919,109857.286,252277.089,588.013,324.743
USA,North America,United States,6/9/22,85474408,131628,111214.714,252666.187,389.098,328.756
USA,North America,United States,6/10/22,85580620,106212,103960.286,252980.154,313.967,307.311
USA,North America,United States,6/11/22,85615853,35233,104986,253084.305,104.15,310.343
USA,North America,United States,6/12/22,85633615,17762,105197.286,253136.81,52.505,310.968
USA,North America,United States,6/13/22,85785371,151756,104056,253585.408,448.598,307.594
USA,North America,United States,6/14/22,85875566,90195,104529.286,253852.028,266.62,308.993
USA,North America,United States,6/15/22,86060730,185164,102564.286,254399.381,547.353,303.185
USA,North America,United States,6/16/22,86190467,129737,102294.143,254782.889,383.508,302.386
USA,North America,United States,6/17/22,86329310,138843,106955.714,255193.316,410.426,316.166
USA,North America,United States,6/18/22,86346999,17689,104449.429,255245.605,52.289,308.757
USA,North America,United States,6/19/22,86365062,18063,104492.429,255299,53.395,308.884
USA,North America,United States,6/20/22,86461076,96014,96529.286,255582.822,283.822,285.345
USA,North America,United States,6/21/22,86572454,111378,99555.429,255912.06,329.238,294.29
USA,North America,United States,6/22/22,86758120,185666,99627.143,256460.897,548.837,294.502
USA,North America,United States,6/23/22,86896518,138398,100864.429,256870.008,409.111,298.16
USA,North America,United States,6/24/22,87013683,117165,97767.571,257216.353,346.345,289.005
USA,North America,United States,6/25/22,87054590,40907,101084.429,257337.276,120.923,298.81
USA,North America,United States,6/26/22,87076873,22283,101687.286,257403.145,65.87,300.592
USA,North America,United States,6/27/22,87237111,160238,110862.143,257876.816,473.671,327.713
USA,North America,United States,6/28/22,87335003,97892,108935.571,258166.189,289.373,322.018
USA,North America,United States,6/29/22,87525275,190272,109593.571,258728.642,562.453,323.964
USA,North America,United States,6/30/22,87692704,167429,113740.857,259223.57,494.928,336.223
USA,North America,United States,7/1/22,87849557,156853,119410.571,259687.234,463.665,352.983
USA,North America,United States,7/2/22,87869899,20342,116472.714,259747.366,60.132,344.299
USA,North America,United States,7/3/22,87878343,8444,114495.714,259772.327,24.961,338.454
USA,North America,United States,7/4/22,87954624,76281,102501.857,259997.817,225.49,303
USA,North America,United States,7/5/22,88096527,141903,108789.143,260417.288,419.472,321.586
USA,North America,United States,7/6/22,88297261,200734,110283.714,261010.667,593.379,326.004
USA,North America,United States,7/7/22,88436098,138837,106199.143,261421.076,410.408,313.929
USA,North America,United States,7/8/22,88573827,137729,103467.143,261828.209,407.133,305.854
USA,North America,United States,7/9/22,88602814,28987,104702.143,261913.896,85.687,309.504
USA,North America,United States,7/10/22,88627343,24529,107000,261986.404,72.509,316.297
USA,North America,United States,7/11/22,88828624,201281,124857.143,262581.4,594.996,369.083
USA,North America,United States,7/12/22,88976859,148235,125761.714,263019.589,438.189,371.757
USA,North America,United States,7/13/22,89181531,204672,126324.286,263624.609,605.02,373.42
USA,North America,United States,7/14/22,89356689,175158,131513,264142.384,517.775,388.758
USA,North America,United States,7/15/22,89509868,153179,133720.143,264595.188,452.804,395.283
USA,North America,United States,7/16/22,89549065,39197,135178.714,264711.056,115.868,399.594
USA,North America,United States,7/17/22,89578669,29604,135903.714,264798.567,87.511,401.737
USA,North America,United States,7/18/22,89743943,165274,130759.857,265287.124,488.557,386.532
USA,North America,United States,7/19/22,89861221,117278,126337.429,265633.803,346.679,373.459
USA,North America,United States,7/20/22,90077968,216747,128062.429,266274.517,640.714,378.558
USA,North America,United States,7/21/22,90253418,175450,128104.143,266793.155,518.638,378.682
USA,North America,United States,7/22/22,90384810,131392,124991.714,267181.556,388.401,369.481
USA,North America,United States,7/23/22,90411140,26330,123153.571,267259.388,77.833,364.047
USA,North America,United States,7/24/22,90434390,23250,122245.857,267328.116,68.728,361.364
USA,North America,United States,7/25/22,90624346,189956,125771.857,267889.635,561.518,371.787
USA,North America,United States,7/26/22,90756556,132210,127905,268280.454,390.819,378.093
USA,North America,United States,7/27/22,90996685,240129,131245.286,268990.286,709.832,387.967
USA,North America,United States,7/28/22,91173732,177047,131473.429,269513.645,523.359,388.641
USA,North America,United States,7/29/22,91332975,159243,135452.143,269984.374,470.729,400.403
USA,North America,United States,7/30/22,91348990,16015,133978.571,270031.715,47.341,396.047
USA,North America,United States,7/31/22,91361988,12998,132514,270070.138,38.423,391.717
USA,North America,United States,8/1/22,91532156,170168,129687.143,270573.162,503.024,383.361
USA,North America,United States,8/2/22,91623130,90974,123796.286,270842.085,268.923,365.947
USA,North America,United States,8/3/22,91823842,200712,118165.286,271435.399,593.314,349.302
USA,North America,United States,8/4/22,92010966,187124,119604.857,271988.546,553.147,353.557
USA,North America,United States,8/5/22,92116990,106024,112002.143,272301.958,313.412,331.083
USA,North America,United States,8/6/22,92131968,14978,111854,272346.233,44.276,330.645
USA,North America,United States,8/7/22,92144568,12600,111797.143,272383.479,37.246,330.477
USA,North America,United States,8/8/22,92300237,155669,109725.857,272843.644,460.165,324.355
USA,North America,United States,8/9/22,92400042,99805,110987.429,273138.672,295.028,328.084
USA,North America,United States,8/10/22,92596559,196517,110388.143,273719.585,580.913,326.312
USA,North America,United States,8/11/22,92759271,162712,106900.714,274200.569,480.984,316.003
USA,North America,United States,8/12/22,92856007,96736,105573.857,274486.525,285.956,312.081
USA,North America,United States,8/13/22,92939675,83668,115386.714,274733.851,247.326,341.088
USA,North America,United States,8/14/22,92949417,9742,114978.429,274762.649,28.798,339.881
USA,North America,United States,8/15/22,93072559,123142,110331.714,275126.662,364.013,326.146
USA,North America,United States,8/16/22,93164441,91882,109199.857,275398.27,271.607,322.8
USA,North America,United States,8/17/22,93301466,137025,100701,275803.322,405.052,297.677
USA,North America,United States,8/18/22,93450468,149002,98742.429,276243.778,440.457,291.887
USA,North America,United States,8/19/22,93528101,77633,96013.429,276473.265,229.487,283.82
USA,North America,United States,8/20/22,93539155,11054,85640,276505.941,32.676,253.156
USA,North America,United States,8/21/22,93548942,9787,85646.429,276534.872,28.931,253.175
USA,North America,United States,8/22/22,93678131,129189,86510.286,276916.76,381.888,255.728
USA,North America,United States,8/23/22,93777472,99341,87575.857,277210.417,293.656,258.878
USA,North America,United States,8/24/22,93929342,151870,89696.571,277659.351,448.935,265.147
USA,North America,United States,8/25/22,94068867,139525,88342.714,278071.794,412.442,261.145
USA,North America,United States,8/26/22,94189548,120681,94492.429,278428.532,356.738,279.324
USA,North America,United States,8/27/22,94201308,11760,94593.286,278463.295,34.763,279.622
USA,North America,United States,8/28/22,94209736,8428,94399.143,278488.209,24.914,279.048
USA,North America,United States,8/29/22,94315953,106217,91117.429,278802.191,313.982,269.347
USA,North America,United States,8/30/22,94391723,75770,87750.143,279026.17,223.98,259.393
USA,North America,United States,8/31/22,94546238,154515,88128,279482.924,456.753,260.51
USA,North America,United States,9/1/22,94676854,130616,86855.286,279869.03,386.107,256.748
USA,North America,United States,9/2/22,94741533,64679,78855,280060.224,191.194,233.099
USA,North America,United States,9/3/22,94752920,11387,78801.714,280093.885,33.66,232.941
USA,North America,United States,9/4/22,94760340,7420,78657.714,280115.819,21.934,232.516
USA,North America,United States,9/5/22,94793938,33598,68283.571,280215.136,99.317,201.849
USA,North America,United States,9/6/22,94906630,112692,73558.143,280548.259,333.123,217.441
USA,North America,United States,9/7/22,95030670,124040,69204.571,280914.926,366.668,204.572
USA,North America,United States,9/8/22,95137790,107120,65848,281231.578,316.652,194.65
USA,North America,United States,9/9/22,95238603,100813,71010,281529.586,298.008,209.909
USA,North America,United States,9/10/22,95248721,10118,70828.714,281559.495,29.909,209.373
USA,North America,United States,9/11/22,95257706,8985,71052.286,281586.055,26.56,210.034
USA,North America,United States,9/12/22,95327233,69527,76185,281791.58,205.525,225.206
USA,North America,United States,9/13/22,95406958,79725,71475.429,282027.251,235.671,211.285
USA,North America,United States,9/14/22,95510616,103658,68563.714,282333.668,306.418,202.677
USA,North America,United States,9/15/22,95593979,83363,65169.857,282580.093,246.425,192.645
USA,North America,United States,9/16/22,95650220,56241,58802.429,282746.344,166.251,173.823
USA,North America,United States,9/17/22,95658755,8535,58576.286,282771.574,25.23,173.154
USA,North America,United States,9/18/22,95664216,5461,58072.857,282787.717,16.143,171.666
USA,North America,United States,9/19/22,95720014,55798,56111.571,282952.658,164.941,165.868
USA,North America,United States,9/20/22,95789306,69292,54621.143,283157.488,204.83,161.463
USA,North America,United States,9/21/22,95887744,98438,53875.429,283448.476,290.987,159.258
USA,North America,United States,9/22/22,95968733,80989,53536.286,283687.883,239.407,158.256
USA,North America,United States,9/23/22,96052030,83297,57401.429,283934.112,246.23,169.681
USA,North America,United States,9/24/22,96061754,9724,57571.286,283962.857,28.745,170.183
USA,North America,United States,9/25/22,96068466,6712,57750,283982.698,19.841,170.712
USA,North America,United States,9/26/22,96114062,45596,56292.571,284117.482,134.784,166.403
USA,North America,United States,9/27/22,96175075,61013,55109.857,284297.839,180.357,162.907
USA,North America,United States,9/28/22,96261915,86840,53453,284554.542,256.703,158.009
USA,North America,United States,9/29/22,96346287,84372,53936.286,284803.949,249.407,159.438
USA,North America,United States,9/30/22,96379687,33400,46808.143,284902.681,98.732,138.367
USA,North America,United States,10/1/22,96387582,7895,46546.857,284926.019,23.338,137.595
USA,North America,United States,10/2/22,96393339,5757,46410.429,284943.037,17.018,137.191
USA,North America,United States,10/3/22,96434628,41289,45795.143,285065.089,122.052,135.372
USA,North America,United States,10/4/22,96489826,55198,44964.429,285228.257,163.168,132.917
USA,North America,United States,10/5/22,96561078,71252,42737.571,285438.881,210.624,126.334
USA,North America,United States,10/6/22,96621825,60747,39362.571,285618.452,179.571,116.358
USA,North America,United States,10/7/22,96680032,58207,42906.429,285790.515,172.063,126.833
USA,North America,United States,10/8/22,96687752,7720,42881.429,285813.335,22.821,126.759
USA,North America,United States,10/9/22,96693269,5517,42847.143,285829.644,16.308,126.658
USA,North America,United States,10/10/22,96716205,22936,40225.286,285897.444,67.8,118.908
USA,North America,United States,10/11/22,96776896,60691,41010,286076.849,179.405,121.227
USA,North America,United States,10/12/22,96841521,64625,40063.286,286267.883,191.034,118.429
USA,North America,United States,10/13/22,96904871,63350,40435.143,286455.149,187.265,119.528
USA,North America,United States,10/14/22,96931781,26910,35964.143,286534.696,79.547,106.312
USA,North America,United States,10/15/22,96937763,5982,35715.857,286552.379,17.683,105.578
USA,North America,United States,10/16/22,96944445,6682,35882.286,286572.131,19.752,106.07
USA,North America,United States,10/17/22,96983229,38784,38146.286,286686.778,114.647,112.762
USA,North America,United States,10/18/22,97026753,43524,35693.857,286815.437,128.659,105.513
USA,North America,United States,10/19/22,97088094,61341,35224.714,286996.764,181.327,104.126
USA,North America,United States,10/20/22,97145239,57145,34338.286,287165.687,168.923,101.506
USA,North America,United States,10/21/22,97191188,45949,37058.143,287301.515,135.827,109.546
USA,North America,United States,10/22/22,97196564,5376,36971.571,287317.406,15.892,109.29
USA,North America,United States,10/23/22,97205072,8508,37232.429,287342.556,25.15,110.061
USA,North America,United States,10/24/22,97244246,39174,37288.143,287458.356,115.8,110.225
USA,North America,United States,10/25/22,97287860,43614,37301,287587.281,128.925,110.263
USA,North America,United States,10/26/22,97359329,71469,38747.857,287798.547,211.266,114.54
USA,North America,United States,10/27/22,97418396,59067,39022.429,287973.152,174.605,115.352
USA,North America,United States,10/28/22,97448572,30176,36769.143,288062.353,89.202,108.691
USA,North America,United States,10/29/22,97457553,8981,37284.143,288088.901,26.548,110.214
USA,North America,United States,10/30/22,97460811,3258,36534.143,288098.532,9.631,107.997
USA,North America,United States,10/31/22,97505486,44675,37320,288230.594,132.061,110.32
USA,North America,United States,11/1/22,97554193,48707,38047.571,288374.574,143.98,112.47
USA,North America,United States,11/2/22,97628068,73875,38391.286,288592.951,218.378,113.486
USA,North America,United States,11/3/22,97698506,70438,40015.714,288801.169,208.218,118.288
USA,North America,United States,11/4/22,97736896,38390,41189.143,288914.652,113.483,121.757
USA,North America,United States,11/5/22,97741960,5064,40629.571,288929.621,14.969,120.103
USA,North America,United States,11/6/22,97749852,7892,41291.571,288952.95,23.329,122.06
USA,North America,United States,11/7/22,97790078,40226,40656,289071.86,118.91,120.181
USA,North America,United States,11/8/22,97821135,31057,38134.571,289163.666,91.806,112.728
USA,North America,United States,11/9/22,97918183,97048,41445,289450.544,286.878,122.513
USA,North America,United States,11/10/22,97984029,65846,40789,289645.188,194.644,120.574
USA,North America,United States,11/11/22,97996876,12847,37140,289683.164,37.976,109.788
USA,North America,United States,11/12/22,98001896,5020,37133.714,289698.004,14.839,109.769
USA,North America,United States,11/13/22,98003975,2079,36303.286,289704.149,6.146,107.314
USA,North America,United States,11/14/22,98052609,48634,37504.429,289847.914,143.764,110.865
USA,North America,United States,11/15/22,98110827,58218,41384.571,290020.009,172.095,122.335
USA,North America,United States,11/16/22,98194133,83306,39421.429,290266.265,246.256,116.532
USA,North America,United States,11/17/22,98246749,52616,37531.429,290421.8,155.535,110.945
USA,North America,United States,11/18/22,98301472,54723,43513.714,290583.564,161.764,128.628
USA,North America,United States,11/19/22,98305722,4250,43403.714,290596.127,12.563,128.303